{"Parcours":[{"JouetObjets":[{"X":-162.32101440429688,"Z":-90.66807556152344,"Name":"Cube"},{"X":-153.94715881347657,"Z":-78.43138885498047,"Name":"Cube"},{"X":-140.7984161376953,"Z":-80.32093811035156,"Name":"Cube"}]}]}