{"cameraMode":{"drawMode":0,"name":"Shaded","section":"Shading Mode"},"sceneLighting":true,"audioPlay":false,"sceneViewState":{"showFog":true,"showMaterialUpdate":false,"showSkybox":true,"showFlares":true,"showImageEffects":true,"showParticleSystems":true},"in2DMode":false,"pivot":{"x":0.5906305313110352,"y":1.9366602897644044,"z":-1.4556598663330079},"rotation":{"x":-0.03935198485851288,"y":0.9423887729644775,"z":-0.11966987699270249,"w":-0.3098931908607483},"size":10.0,"orthographic":false}