{"cameraMode":{"drawMode":0,"name":"Shaded","section":"Shading Mode"},"sceneLighting":true,"audioPlay":false,"sceneViewState":{"showFog":true,"showMaterialUpdate":false,"showSkybox":true,"showFlares":true,"showImageEffects":true,"showParticleSystems":true},"in2DMode":false,"pivot":{"x":-7.126577854156494,"y":-7.177130699157715,"z":4.360544681549072},"rotation":{"x":-0.06351560354232788,"y":0.8153162598609924,"z":-0.09112919121980667,"w":-0.5682627558708191},"size":22.08478546142578,"orthographic":false}